review_id,review,rating,date,bank,source
6ece1f5e-55f2-404d-b980-1cb45823180f,·àò·â∏·à∏·å†,5,2025-06-03,DASHEN,Google Play
7db66b6a-a044-43f1-a7ad-ea8a10815548,gadaa,5,2025-06-01,DASHEN,Google Play
caf4a80c-85db-4b49-ab9c-a0b55e152317,Massive upgrade from the Amole app.,5,2025-05-31,DASHEN,Google Play
2c5df026-16eb-4d6b-a044-acf4103d1c36,good,4,2025-05-31,DASHEN,Google Play
c25b35d2-35dd-4347-a520-99471d7b1066,very good for this app,5,2025-05-31,DASHEN,Google Play
5e6ff839-abc2-4b30-a8b4-e0f331da29d1,this app better than Amole . but the biometric on new update doesn't work,4,2025-05-31,DASHEN,Google Play
32df6869-1c15-4cfe-8431-0ec332afea89,good,5,2025-05-30,DASHEN,Google Play
486d7550-98dd-4b9d-849d-e3f3fbf7c1ed,wow to it saff and this app,5,2025-05-30,DASHEN,Google Play
be9a4e52-ed77-4953-9e52-17927dd7e138,it too slow,3,2025-05-29,DASHEN,Google Play
053df9a3-e18d-4cb1-94f6-9cf522255b1c,·ã≥·àΩ·äï ·â£·äï·ä≠ ·ã≠·àà·ã´·àç,4,2025-05-28,DASHEN,Google Play
cc215b00-332a-4b1d-93d1-4fad5592f40c,real life changer,5,2025-05-28,DASHEN,Google Play
1d64073e-c624-4035-b732-39f7a769537f,good,5,2025-05-28,DASHEN,Google Play
4a9c5167-439a-4c99-a6d4-ad143b13bcd8,nice application,5,2025-05-27,DASHEN,Google Play
73240914-2b17-4426-91b3-32ad2e9b2387,good,5,2025-05-27,DASHEN,Google Play
115f7455-45c0-483c-b690-0e83dada584b,useless app ever loading take long,1,2025-05-27,DASHEN,Google Play
b2962d2d-86b8-43a5-ab14-d9d37ad03165,"Game changer app! Dashen Bank Super App is fast, secure, and easy to use. The three-click payment makes sending money super quick, and the QR code payment is perfect for cashless shopping. I also love the biometric login and easy airtime and bill payments. Everything I need is in one place. Dashen Bank has really raised the bar for digital banking in Ethiopia. Highly recommended!",5,2025-05-26,DASHEN,Google Play
37afb22a-56f0-429c-9bab-41e39e524f29,very useful App,1,2025-05-26,DASHEN,Google Play
aa332503-7097-479d-89d9-6b762bb9e814,"Simple, robust features? Yes, please! But the endless loading screen killed the fun‚ÄîI couldn‚Äôt use it for days. Fix the glitch, and I‚Äôll yeet a higher rating!",2,2025-05-26,DASHEN,Google Play
a2a494de-d576-48dc-b67e-04fe79ec47b2,Wawww,5,2025-05-24,DASHEN,Google Play
46d39a4d-52de-4a73-9146-654d971ffb71,it is good but some times says duplicate transaction why?,5,2025-05-24,DASHEN,Google Play
e2c02e65-3be7-46e0-9cbc-7d4295bee6f7,very Nice,5,2025-05-23,DASHEN,Google Play
eb8a2948-44de-4f81-ac9f-b73840619f7f,its best,5,2025-05-23,DASHEN,Google Play
9a583630-4540-44cb-8488-cf58211da392,it is not as good as to the other mobile bank app.,1,2025-05-22,DASHEN,Google Play
bb72bc30-a3bb-468f-ad15-1ca88c7897ae,"The best of best is now arrived **Empowering Your Financial Freedom** ""Experience seamless banking at your fingertips with Dashen Bank. Empowering your financial freedom, anytime, anywhere!"" **Innovation Meets Convenience** ""Dashen Bank Mobile Banking: Where innovation meets convenience. **Secure and Reliable** ""Bank with confidence",5,2025-05-22,DASHEN,Google Play
c8a76cee-dbcc-491e-9aa0-0f8fa423ee1a,Nothing is changed in the updated version. You have been collecting comments but where is the feed back you improved in this version. superapp is mot functioning today.,4,2025-05-20,DASHEN,Google Play
add25431-5b8a-4878-b820-2cc1c06926f1,good,5,2025-05-20,DASHEN,Google Play
7f8c28d9-8bd2-4bf5-b220-b520301c24c3,its best,5,2025-05-19,DASHEN,Google Play
a36489c7-0091-4e07-897f-78168bcb64b4,The best app ever in finance sector,5,2025-05-18,DASHEN,Google Play
29d8b281-c802-4996-8dc3-eb99d78a43ed,Its good app than other compitators but it confuse when we transfer it needs OTP and PIN most user inter their pin instead of OTP we know the litrecy level of our society so if it is device based i dont know the needs of OTP so please try to fix,3,2025-05-18,DASHEN,Google Play
8ab908fa-9eb8-4b9a-9f76-707e01b53848,dashen bank or dashen super app?,1,2025-05-17,DASHEN,Google Play
d3ab193b-503c-4530-8148-cf50387c8b26,wowwwe app,5,2025-05-17,DASHEN,Google Play
85c0cebd-10ec-4dd1-9e5b-647b9012acf4,"Transferring to other bank accounts is a hastle and inconvenient .Get used to seeing "" please try again """,2,2025-05-17,DASHEN,Google Play
c0dbb81a-2d73-4409-ba41-2287a340b4d9,good,5,2025-05-16,DASHEN,Google Play
1d4a769a-320a-4f19-a945-44c214f880ae,always lagging,1,2025-05-16,DASHEN,Google Play
862138db-f7c6-4c78-bb5d-e28619cdb514,Amazing Application...,5,2025-05-16,DASHEN,Google Play
a3e55437-92a6-4f5f-a9d5-45e561a077b0,Fantastic,5,2025-05-16,DASHEN,Google Play
d8ab69ab-7277-493d-a2d5-0db4fd48635c,"Dashen bank app is very good, but sometimes it is not working well",5,2025-05-15,DASHEN,Google Play
499d89e8-8b7e-4641-b477-29ab5a5d314a,its my choice,5,2025-05-15,DASHEN,Google Play
37daf582-3061-44eb-9685-2bcf106833ec,wow apo,5,2025-05-15,DASHEN,Google Play
f14bbcf2-d3c7-4eb9-bf61-b8be931c023f,awesome app keep going,5,2025-05-14,DASHEN,Google Play
39322571-d8e5-42c6-8c9c-9f31706d5e4f,"It grows ethiopian digital banking step ahead.All fetures in one,simple fast and convince.",5,2025-05-14,DASHEN,Google Play
7106eec4-cb60-4cf3-8f3b-fe5b0bfb400d,Game changer,5,2025-05-13,DASHEN,Google Play
b34cbb10-24ea-4091-93b3-41cd5f5506ec,Totally amazing,5,2025-05-13,DASHEN,Google Play
9de192e3-daa5-40ec-a906-8969b560f171,super üòé,5,2025-05-13,DASHEN,Google Play
a1414451-a015-4553-a023-e2f4c2d8cfb9,what a helpful app!!!!,5,2025-05-13,DASHEN,Google Play
be71f8b9-5329-4235-8c92-9be8be76e5cb,Good,4,2025-05-13,DASHEN,Google Play
c98c51c7-aa99-40ea-af68-8edaad178f28,nice,5,2025-05-13,DASHEN,Google Play
d61a5b09-39d5-4502-b270-15c6ad04f19c,"To be honest, best banking and lifestyle app in Ethiopia.",5,2025-05-12,DASHEN,Google Play
f318c783-8bba-478b-9d53-f238dba2e270,fast,5,2025-05-12,DASHEN,Google Play
c3afc51f-9e2b-4b3d-b155-0339a9ce0f20,"A must have, seamless, all in one digital platform ""DB Superapp""! Keep living your motto ""Always one step ahead""",5,2025-05-12,DASHEN,Google Play
6fbffae4-0ab6-4bc9-a758-204abc102d89,"This App makes digital banking effortless and convenient. User-friendly interface, secure transactions, and excellent features for managing finances efficiently.",4,2025-05-10,DASHEN,Google Play
b3c8405c-96a7-4b5e-884c-76c97c530c34,good,5,2025-05-09,DASHEN,Google Play
e1c1214a-8bc1-45db-bc49-3d51dddc6b88,Amazing app super easy to use and best design. loved it.,5,2025-05-09,DASHEN,Google Play
8d1d472b-2bae-4749-b089-5632108ade02,its the best ever,5,2025-05-09,DASHEN,Google Play
749851ed-72d7-4f1c-8e5e-27dd822b5008,nice,5,2025-05-08,DASHEN,Google Play
f2852962-b983-44af-b296-241a3373477f,excellent game changer App,5,2025-05-08,DASHEN,Google Play
62102c1c-85b0-4965-b033-063c67ac9129,I am highly excited by using this application and it is the most favorable as well as preferrable mobile app.,5,2025-05-03,DASHEN,Google Play
f4d24779-931e-4cfd-a622-92dfcb654d3d,it seems me logging out within minutes,1,2025-05-03,DASHEN,Google Play
157b5f87-506e-46dc-b89b-179653dbd957,nice app especially GUI and I have got some error when you send within dashen bank the receipter is not get SMS notification,4,2025-05-03,DASHEN,Google Play
4e018789-e27b-4b7c-b1d4-f79dd0affa68,yes i want dashen super open,5,2025-05-02,DASHEN,Google Play
8e88fe90-b409-432d-bcd6-a36548ee9fe8,Best App,5,2025-05-02,DASHEN,Google Play
0472c5b5-9fd3-49be-80f6-cca83ad918e5,faster than this version,5,2025-05-01,DASHEN,Google Play
222e6a10-b3df-421c-83ae-1ff05ec40496,"Best UI mobile banking app, props to design team",5,2025-04-30,DASHEN,Google Play
d27b1e7f-4f07-426c-a471-d6137f89bd48,thank you,4,2025-04-30,DASHEN,Google Play
a65769b9-bfda-4c04-a0ed-dce672c8fac4,great app,5,2025-04-30,DASHEN,Google Play
af3ab891-6a3a-4cd4-a081-2455410143ba,bad.,1,2025-04-30,DASHEN,Google Play
d744a029-1173-4a4b-b7f9-7c294f6fbd5d,Dashen bank always one step ahead,5,2025-04-30,DASHEN,Google Play
153295c5-2630-4a84-9d1e-18ac73eca0c1,dashen super app is secure band very easy,5,2025-04-29,DASHEN,Google Play
185c1487-6efe-4ba5-bbaf-41ea48da9422,It is very fast and secured mobile banking app! I like this app!,5,2025-04-29,DASHEN,Google Play
63989d70-6ec3-44bb-87a8-2dad9286e37a,best app I have ever seen,5,2025-04-29,DASHEN,Google Play
17d46982-18ec-43a9-85f3-0ff927671f95,best of best,5,2025-04-29,DASHEN,Google Play
82975516-427f-4659-b256-32887b29f545,best app,5,2025-04-28,DASHEN,Google Play
9f0dddc5-58fa-4637-9a98-414044aa8bd0,Its slow when i try to see the Recent Transaction and stucked,1,2025-04-28,DASHEN,Google Play
1db8f294-b4c5-4389-8b1c-dcdf92f7ce3c,wowslnwoooo wowwww amazing !!!!!!!!,5,2025-04-28,DASHEN,Google Play
ebd52e84-7485-4418-bfb0-29ef1fc4bfb7,wow appl,5,2025-04-28,DASHEN,Google Play
cbfa6f44-6387-46f5-8c57-005106a7f33f,why do i have to change a pin number i use my finger print so dummy,1,2025-04-27,DASHEN,Google Play
92667270-5726-4327-8df5-03303bfbc05a,very nice,5,2025-04-26,DASHEN,Google Play
ecd2b916-31b8-402c-88d8-6dca2df2fa8a,great,4,2025-04-26,DASHEN,Google Play
f0c1bd73-66ab-47e9-9238-2ab86618c796,It is one of the best app ever use it and do it,5,2025-04-26,DASHEN,Google Play
3cef32ad-b3c0-4784-8594-0dfee471123e,"It is very slow and it lacks many features to be a super app. High rating is given by their employees, not by the customers.",1,2025-04-25,DASHEN,Google Play
7e450cb8-6117-4fb2-b6fe-a4b889074190,"Smooth and secure experience transfers, bill payments, and tracking expenses are all effortless. The intuitive design makes banking on the go.",5,2025-04-24,DASHEN,Google Play
125057ca-c7fb-4c34-a7d1-a2cbe0d1b369,Very easy and Fast.,5,2025-04-24,DASHEN,Google Play
b7dbd93e-582d-4510-af69-30c206f1a99d,Incomparably user-friendly and fast app for mobile banking.,5,2025-04-24,DASHEN,Google Play
a96e41e8-767a-47e4-831c-2993d37f2906,"there is nothing super about this app, repeatedly failed transaction and wastes customer valuable time. if you have to do system upgrade do it at a time when there is less traffic demand. your Technical difficulty should not be reflected on customer.",2,2025-04-24,DASHEN,Google Play
4041a84a-1399-4b47-86dd-a7f048978f43,execellent,5,2025-04-24,DASHEN,Google Play
1115d2b9-b1f0-4fe5-a92c-67aed49141a7,"This super app is a total game-changer‚Äîfast, reliable, and packed with everything I need in one place. It‚Äôs seamless and super convenient. Love it!""",5,2025-04-23,DASHEN,Google Play
99705962-8067-497e-a116-cd6599ca4bb8,All in One ‚úçÔ∏èsecure ‚úçÔ∏èreliable ‚úçÔ∏èconvenient. Digital banking game changer!!,5,2025-04-23,DASHEN,Google Play
2d86848c-b71b-4419-871c-42ad60f1abfe,it is incredible product.,5,2025-04-23,DASHEN,Google Play
e887c287-a3a3-42dc-bd9a-7508531f6f0c,"I'm really impressed with this app! It‚Äôs user-friendly, runs smoothly, and has all the features I need. Makes my tasks so much easier and saves me a lot of time. Highly recommended!",5,2025-04-23,DASHEN,Google Play
f91584e2-4c24-4a52-8fc6-1ea6abb40a0c,best app,5,2025-04-23,DASHEN,Google Play
7b265fe3-1e03-425b-9b06-41bafe966fc3,"It's an amazing app, experience it!!",5,2025-04-23,DASHEN,Google Play
49c926f1-3b4f-48af-8fab-ce09046e20cc,This is the best banking app ever. I recommend everyone to use it.,5,2025-04-23,DASHEN,Google Play
aba6145f-bd70-43dd-ae4e-46e73fde8a82,It is the best application!!!,5,2025-04-22,DASHEN,Google Play
02103d94-84d8-4ca5-aa3d-db0e512c68a7,"Exceptional digital experience, SupperApp will bring new paradigm shift in the banking business. Bravo Dashen keep it up!!!!",5,2025-04-22,DASHEN,Google Play
9dd7083b-d295-42f5-b18f-f11dc02839a7,its features are so dynamic,5,2025-04-22,DASHEN,Google Play
e0e5b98d-5942-4c79-8610-4206edfdf353,fast &Friendly user Application.,5,2025-04-22,DASHEN,Google Play
524e7cc6-ccd9-4c2a-8384-968ef8f4040e,"Fast, Reliable and User Friendly. Keep it Up",5,2025-04-22,DASHEN,Google Play
d7f04f13-06de-4c04-b616-a7ecbb6dd8b4,"#dashen super app is easy to use, secure & fast transactionüòç",5,2025-04-22,DASHEN,Google Play
872c07eb-b111-4701-b263-c11d17dea1c7,i love this app esp 3 click that make e-commerce easier and convinient.,5,2025-04-22,DASHEN,Google Play
d41dd3e3-b09b-4d1f-a5a2-0caa9f430e37,Dashen Super App contains extended selections for customers and can be easily accessible and also friendly to use.,5,2025-04-22,DASHEN,Google Play
be4677cc-1140-4ab6-b785-420638e0d7ba,Great for everyday banking and payments on the go,5,2025-04-22,DASHEN,Google Play
acef4b82-b287-4a31-8dc8-6d701f99f9c4,"""Dashen Super App'' is impressive with its focus on simplicity, speed, and quality. The user interface is clean and easy to understand. Transactions process quickly, and the overall quality of the app is top-notch. A must-have for Dashen Bank customers. ·ã≥·à∏·äï ·â£·äï·ä≠ ·ä†·äï·ãµ ·ä•·à≠·àù·åÉ ·âÄ·ã≥·àö·ç¢",5,2025-04-22,DASHEN,Google Play
a7530454-7c62-4c62-9f29-9f3a2e82c705,making transactions has never been easier. the new update is just amazing,5,2025-04-22,DASHEN,Google Play
cdbc2de4-065b-4230-a34b-c532cf84ae71,"The app has various usefull functions, which make easy the payment system. Also, it will connect with sellers having reasonable prices.",5,2025-04-22,DASHEN,Google Play
1ba081f6-d792-4a8e-a001-8613242bee50,The app has great user interface with comprehensive payments and E-commerce platforms. And also it includes unique features such as chat Banking and budget.,5,2025-04-22,DASHEN,Google Play
7baf1a73-5eb3-4057-b7aa-c94108c67155,betam mirt Ena betam le atikakem kelel Yale Ena michu application nw,5,2025-04-22,DASHEN,Google Play
5a146ecb-653c-4ffe-af0f-13a97eea6825,Convenient!,5,2025-04-22,DASHEN,Google Play
f6ad312f-15c3-43bb-b291-f8a8e35e331e,It is an amazing application that meets the needs of customers.,5,2025-04-22,DASHEN,Google Play
751bedd2-1517-4cb4-a41c-f02d5f4b2468,Effecting payment via the app has created convenience to the recipients in easily confirming the payments received!,5,2025-04-22,DASHEN,Google Play
3e0e6df3-cb63-4503-8434-e1fb0bb790d1,the best Supper App ever,5,2025-04-22,DASHEN,Google Play
2bc93d8c-1975-44d3-b7c2-ef3429278f07,"This is the best app ever, when is it planned to include digital lending and gasification?",5,2025-04-22,DASHEN,Google Play
f20f93ab-8f75-40aa-89a6-c450f54a7365,"A powerful, local solution that rivals any global app. I love how easy it is to explore services and products.",5,2025-04-22,DASHEN,Google Play
ff1fe28f-db38-4286-acc3-b3693e528883,Dashen bank is my number one choice,5,2025-04-22,DASHEN,Google Play
9b5d99cc-8b0e-46d5-a846-ece397be1d99,Assefa Genetu = Dashen superup is the latest and inclussive .I am happy with this super up.,5,2025-04-22,DASHEN,Google Play
10870471-f38d-4dae-8a2c-ea875933d8ef,"The App is incredibly user-friendly and brings multiple services into one place. It's fast, intuitive, and makes daily tasks super convenient. A true all-in-one solution!",5,2025-04-21,DASHEN,Google Play
6098f0f8-c13e-4cd3-a595-25b234b6a05f,"Proudly made in Ethiopia, this innovation delivers more than promised. The marketplace is a major boost for local commerce",5,2025-04-21,DASHEN,Google Play
43630291-4571-4e34-96d8-1d7ba7d174a9,it so fanrastic and user friendly app. Bravo Dashen bank thanks.,5,2025-04-21,DASHEN,Google Play
328e442a-c92a-42dc-a91c-44d71556a34e,"one of the best digital platforms I've used! from smooth transactions to a seamless shopping experience, highly recommended.",5,2025-04-21,DASHEN,Google Play
9937695e-7675-41d4-a60d-2fee72cb4b3c,A proudly Ethiopia innovation that delivers beyond expectations. The marketplace feature is a big win for local shoppers bnd sellers,5,2025-04-21,DASHEN,Google Play
9057ebb4-b1dd-4df9-a0d3-9ead5360b9c9,"Dashen Super App is a game-changer! It‚Äôs fast, user-friendly, and packed with features that make everyday banking and transactions super convenient. I love how everything I need from mobile banking to utility payments is all in one place. The interface is clean, and everything works smoothly. Definitely one of the best apps out there. Highly recommended!",5,2025-04-21,DASHEN,Google Play
dd0238ce-336d-4dac-832c-8d01f44faf0a,Easy to use and has many options. It is the best financial app I have ever used.,5,2025-04-21,DASHEN,Google Play
b5161ddf-ce45-46bf-9858-07071bdeeaba,"Highly impressed! Dash Bank really nailed it with this app. Secure, reliable, and packed with features I use daily",5,2025-04-21,DASHEN,Google Play
5145d0cf-0bf3-4b48-9c11-46819cd06bcd,"One of the best digital platforms I‚Äôve used! From smooth transactions to a seamless shopping experience, Highly recommended",5,2025-04-21,DASHEN,Google Play
8cd152ac-79ad-4248-8a85-574943011aa6,"This app has everything I was looking for, dashen is becoming a grandmaster.",5,2025-04-21,DASHEN,Google Play
83b92800-2bb0-47d6-8d64-b3409c428817,Very convenient,5,2025-04-21,DASHEN,Google Play
70e43e76-a4ca-4e15-b690-93a34a5bf675,"The user experience is seamless, and everything just works perfectly right out of the box. I can‚Äôt believe how much time and effort it saves me every day.",5,2025-04-21,DASHEN,Google Play
1e865933-282f-4ea1-98f5-98c08d95a40f,wawwwww what nice super app !!keep it up dashen bank !!,5,2025-04-21,DASHEN,Google Play
650cfa8e-a81f-4f2e-bfbf-8f7fa6996872,"Dashen SuperApp the ultimate all-in-one solution! From banking and shopping to bill payments, everything you need is right at your fingertips. Life just got a whole lot easier!",5,2025-04-21,DASHEN,Google Play
31eddf1f-9725-472b-b29a-53377dac71ca,"It is,really super because of its unique offerings to individuals and businesses.It is a secure UX first app intended to cater comprehensive digital meeds.I am also happy to know that Dashen is considering to make the app more inclusive by lowering the mobile version requirements .",5,2025-04-21,DASHEN,Google Play
876f0ee8-c6e9-437e-9a56-bf00083a0319,"the very easy, secured, fast and multifunctional dashen supper application I ever seen. dashen really one steps ahead!!!",5,2025-04-21,DASHEN,Google Play
6c78dd1a-b338-4892-8821-27329e6a37cb,"One app for everything! I can shop, manage my bank account , and do so much more . Truly a super app",5,2025-04-21,DASHEN,Google Play
62ff3224-447a-4021-9b69-69faade17181,one of the best digital platforms I‚Äôve used! From smooth transactions to a seamless shopping experie,5,2025-04-21,DASHEN,Google Play
f1d0d6cf-8d40-4ff9-99d5-3225c4efd6b9,"Dashen Bank super App is the most suitable, reliable, and fast digital banking system.",5,2025-04-21,DASHEN,Google Play
86b26648-6711-4439-a44d-55e9aa090353,Excellent app.,5,2025-04-21,DASHEN,Google Play
7ec853c5-737f-4ffe-b35b-069674bb88a8,This is what we call banking app. As professional I want banking app as simple as this and an app rich of features that align with my lifestyle.,5,2025-04-21,DASHEN,Google Play
d66a2f21-49a4-4434-9e4e-2e6ce9b28307,thanks again,5,2025-04-21,DASHEN,Google Play
65fbea88-9893-412a-adf2-7bde81ea0d0f,Super Easy To Use and Fast Transaction.,5,2025-04-21,DASHEN,Google Play
f3f97b40-b273-44a0-afb9-1d393132be8d,"I have an incredible experience with Dashen super app, what an amazing platform is it?. keep pioneering in technological advancement üëèüëèüëè",5,2025-04-21,DASHEN,Google Play
4515e0fb-53a8-4310-8734-084b884ed005,"i can't recommend the Dashen Super App enough! This app is truly a game changer for anyone looking for a seamless and efficient way to manage their daily life. It combines multiple essential services into one easy-to-use platform, saving time and simplifying tasks The user interface is modern, intuitive, and super responsive, making navigation a breeze. Whether it's banking, payment services, or accessing lifestyle features, everything is just a few clicks away!!",5,2025-04-21,DASHEN,Google Play
873196ce-c4ce-441c-a522-dd0785ea59f3,"The app is incredibly handy for managing multiple financial tasks, from bill payments to managing budgets. It‚Äôs saved me a lot of time and made banking way more convenient. Definitely worth checking out!",5,2025-04-21,DASHEN,Google Play
6f49f061-db2b-45e0-9947-743a32c2660f,what an App,5,2025-04-21,DASHEN,Google Play
06aa9940-e8eb-45b2-91c7-1f13bd1645b6,The new e-commerce feature is incredibly amazing and user friendly.,5,2025-04-21,DASHEN,Google Play
05ea16ca-9cbf-4683-9ac7-ea4395cf688b,"dashen bank supper app is the most easy to use and have high speed,quality and I like features like chat,budget,fuel payment, and security for my opinion this product is techonolgy edge,this international standard thanks for product oweners (dashen bank)",3,2025-04-21,DASHEN,Google Play
134d29fb-1daa-4f59-b21f-11e5fa7be525,"The Dashen supperapp is a revolutionary advancement in digital banking, combining exceptional usability, an intuitive interface and a seamless user experience. among its standout features are the integration of QR codes, account statement, transaction advise, chat, transaction authentication for limit thresholds, budgeting and different app in a single dashboard. Truly ahead of the curve ..... keep up the excellent work ü§ùüëè",5,2025-04-21,DASHEN,Google Play
de603128-030e-4e5b-9bda-38e74813ad2d,"A proudly Ethiopian innovation that delivers beyond expectations. The marketplace feature is a big win for local shoppers and sellers. Very impressed with the new updates, The e-commerce section is smooth and supports Ethiopian merchants!",5,2025-04-21,DASHEN,Google Play
f37a6b6d-6879-4d35-80ba-64d2c96fa749,"Very impressed with the new updates, The e-commerce section is smooth and supports Ethiopian merchants.",5,2025-04-21,DASHEN,Google Play
d41af5b1-8acf-4f66-9d54-e14316bf489d,"Dashen Bank Super App is fast, reliable, and super easy to use. All my banking needs are handled smoothly in one place. Clean design and seamless experience ‚Äì highly recommended!",5,2025-04-21,DASHEN,Google Play
ba65f5a6-aa3f-4c38-956e-7077d9756d65,"Db sup app is A platform or an application that can grasp more satisfactions through fastest mode of operation which means for budget planning, to use QR code(scan, pay, go) chat with staff, acc to acc other bank ft, merchant payment, and easly. I addition to i satisfied and i invite everyone to use those platform!!.",5,2025-04-21,DASHEN,Google Play
0d377b76-0853-4251-b23e-81fd0cc4d9f5,the chat banking and unique and only app that alow money request!!,5,2025-04-21,DASHEN,Google Play
e18544eb-d622-47eb-8d7d-ef3bf4df0a10,Better and inclusive app!,5,2025-04-21,DASHEN,Google Play
3eabf614-6972-446f-a350-b4df903e9e8c,Amazing Application,5,2025-04-21,DASHEN,Google Play
867ceac0-2b05-4261-86c0-093b58ea0553,It keep my time to pay my bills and I generate my satment easily,5,2025-04-21,DASHEN,Google Play
80908e03-2856-4e22-84ed-a70b53d96a41,"It's an amazing app that is up-to-date with the times, wow wow",5,2025-04-21,DASHEN,Google Play
e84b7866-5a17-40c7-affc-1a44702a7227,A game-changing Ethiopian innovation‚Äîwhere shopping meets opportunity. The marketplace feature connects buyers and sellers like never before.,5,2025-04-21,DASHEN,Google Play
963f1643-28ff-462c-88a7-bc9146390102,"Dashen Super App isn‚Äôt just an app ‚Äî it‚Äôs an experience. Effortless, powerful, and built for the future",5,2025-04-21,DASHEN,Google Play
5b63a17e-0903-47f6-b8da-cb1c7346ad56,"This Is An Amazing App with Uniqe Quality,Easy And Fast Mobile Banking App.",5,2025-04-21,DASHEN,Google Play
5b8c94df-b1d3-4948-bcb1-238e80146227,"Dashen SuperApp is a lifesaver! Banking, shopping, and bills in one super easy app. The new e-commerce feature is awesome and supports local merchants. Fast, secure, and proudly Ethiopian.Download it now‚Äîyou won‚Äôt regret it!",5,2025-04-21,DASHEN,Google Play
2a157c0e-b57e-43e8-8207-4ae55e549812,"Dashen SuperApp blends finance, shopping, and daily services effortlessly. The new e-commerce feature is smooth and supports local merchants‚Äîproud to back an Ethiopian-made solution!",5,2025-04-21,DASHEN,Google Play
739b4157-4335-4fe7-9273-07f9427c8dba,"A solid step forward by Dashen Bank. The SuperApp combines essential banking features with lifestyle services, making everything accessible in one place. The interface is smooth, and transactions are quick and reliable. It‚Äôs clear a lot of thought went into the design and functionality. Great job!",5,2025-04-21,DASHEN,Google Play
369da03b-61ed-424a-abab-7efc142b1038,Dashen bank super app is the crucial and convenient app in Ethiopia. there is no other app to compare with Dashen bank super app,5,2025-04-21,DASHEN,Google Play
83682450-a7ae-424d-9ea9-15b6fe29de4d,"All-in-one finance & e-commerce super app! Pay, save, shop seamlessly. Fast, secure. #BankAndShop",5,2025-04-21,DASHEN,Google Play
427aa626-93a9-4faf-899a-d519952b4baa,it's a hestorical app. in the bank industry.,5,2025-04-21,DASHEN,Google Play
86b63f8a-6ca9-487d-beca-ed2f75ca888f,"A game changer in Ethiopian digital banking fast, secure, and packed with services. Everything you need, all in one powerful app. A true leap toward financial convenience and innovation!",4,2025-04-21,DASHEN,Google Play
fdcc34cc-699d-46ba-bcde-69f82e340aa4,"easy &,simple to use",5,2025-04-21,DASHEN,Google Play
ce9b538b-ea95-497b-ba79-45189131f057,"Banking, but make it smart. Local solutions, all in one place. Smooth, fast, and actually saving time. Feels like the future. Love it!",5,2025-04-21,DASHEN,Google Play
8697f174-08de-481a-8bbd-9619e90719e6,"All in one, that is it üëå",5,2025-04-21,DASHEN,Google Play
82f5d5da-6678-4f6d-8d35-a5130983c919,", Dashen Bank Supper App is multipurpose, convenient, very attractive and Make life easier",5,2025-04-21,DASHEN,Google Play
f6f345d9-913f-4923-93af-c3430d22d4ac,very easy and flexible app.,5,2025-04-21,DASHEN,Google Play
98a21365-53e3-42ef-8481-573c6ef8a181,"I choose Dashen Bank Super Up since, it is easy to use & it has attractive features !",5,2025-04-21,DASHEN,Google Play
369c76a3-4250-4983-a479-859c8eed7007,dashen super app is simple faster and reliable.,5,2025-04-21,DASHEN,Google Play
ffefe136-8fc9-4c3b-a4be-71adf835a4f0,"Dashen Bank Super App is a game-changer! The user-friendly design, wide range of services, and smooth performance make it incredibly convenient for everyday banking. It‚Äôs fast, secure, and truly reflects the bank‚Äôs commitment to digital excellence. Highly recommended!",5,2025-04-21,DASHEN,Google Play
353f56b2-61a0-4685-82b3-8007b602bdaa,"The app keeps getting better with every update! Smooth performance, great UI, and top-notch security. Thank you for making banking so convenient!""",5,2025-04-21,DASHEN,Google Play
31577c85-64e5-4309-88f4-c1806697ca2d,this app is the most simply to use and secure safe i love it to use for any bank transaction,5,2025-04-21,DASHEN,Google Play
22725963-a873-43c8-a711-f52ec4ce55b2,"After i download the app recently had a smooth expriance, its user friendly, fast, and everything works as expected. keep up the good work.",5,2025-04-21,DASHEN,Google Play
94163742-6825-440b-9f7f-71d8d9d036ed,An app with High performance and advanced features!,5,2025-04-21,DASHEN,Google Play
34df06ad-f6e9-46cc-b5f8-34baddb56b9b,"It is a very user friendly, attractive user interface, full of useful features. I really encourage everyone to give it a try.",5,2025-04-21,DASHEN,Google Play
67218c11-6089-4be4-a26b-801ef1c9df87,"Good actually , but it have to WORK when developer option is on üôè",5,2025-04-21,DASHEN,Google Play
117e220b-de40-4fd8-8d9e-15b95080d3a5,"All-in-one convenience, From managing accounts to paying bills and shopping online and the chat banking is game changer, this app does it all seamlessly.",5,2025-04-21,DASHEN,Google Play
032354de-55bf-4025-989e-d3b8c5b0f7f0,I appreciate that Dashen Bank takes lifestyle services into account.,5,2025-04-21,DASHEN,Google Play
6974a44c-7969-4c5b-9ba0-3221ec5f0bb1,keep it up!,5,2025-04-21,DASHEN,Google Play
70756dbd-4ae2-40b8-b814-a6b322d9ea0b,amazing app really i loved it .that's why we say dashen bank is one stap ahead. It's the best mobile application that should be on every phone.,5,2025-04-21,DASHEN,Google Play
adb74398-cf2d-4c18-aff4-72412cfe8c51,very comfortable app keep it,5,2025-04-21,DASHEN,Google Play
bcf18a5b-5e9e-43f1-8dfa-d2fb31a8dcd7,it has clear detail information about the application so it helps customer how to use the app. and it is very easy to use and also app is secure.,5,2025-04-21,DASHEN,Google Play
43c462b0-3873-429a-ac91-ee72fbf4e070,"I have been using the Dashen Supper app mobile banking app , and overall, I appreciate its features.However,I‚Äôve noticed that when I turn on the developer options on my device, the app stops functioning properly. It would be great if you could look into this issue, as I often need to access developer settings for other applications . Thank you for your attention to this matter!",5,2025-04-21,DASHEN,Google Play
195107de-6ae9-4adf-bb09-e25c029d6706,easiness to use with fast response time,5,2025-04-21,DASHEN,Google Play
c2ef1fe4-8517-4a83-9f92-165c0e65540a,"The new mobile banking application is a major upgrade! It‚Äôs incredibly user-friendly, with a clean and modern design that makes navigation simple and intuitive. I really appreciate how fast it loads and how smooth the overall experience is. All essential services like balance checks, transfers, and bill payments are eas y to find and use. The added security features give me peace of mind, and the app runs reliably without crashes or glitches. It‚Äôs clear a lot of thought went into the user experi",5,2025-04-21,DASHEN,Google Play
d6059960-9967-4be6-a771-000dd2f1743a,"As an Internal Customer, Dashen Bank SuperApp has greatly simplified my online banking experience. It's easy to use, allowing me to quickly check balances, transfer money and pay Bills. The app's advanced security features are highly secure, ensuring my data is well protected. The Three click, Chat Banking and IPS features have also given me a smarter experience. In deed Dashen Bank is always steping ahead!",5,2025-04-21,DASHEN,Google Play
be79dbdd-63db-463c-9abf-a88387d6b07a,"A truly impressive app ‚Äî user-friendly and a game-changer in Ethiopian banking. The Dashen Super App stands out as one of the most innovative and convenient digital banking solutions in Ethiopia‚Äôs financial history. Smooth navigation, seamless features, and a wide range of services all in one place. Well done!",5,2025-04-21,DASHEN,Google Play
a852af36-a839-4285-b57d-2a0616e9e544,dashen bank super up has very fast and convenience and also it has contain more things on one app .I am very interesting to use dashen bank super up,5,2025-04-21,DASHEN,Google Play
62e4269a-6b6b-44ea-a4ec-07b21d8eda68,"The Dashen Bank Super App has truly elevated my mobile banking experience. It's fast, user-friendly, and packed with all the essential features. The interface is clean and intuitive, making navigation easy even for first-time users. I also appreciate the added security features that give me peace of mind while banking on the go. Dashen Bank has done an amazing job with this app‚Äîit‚Äôs reliable, efficient, and always improving. Highly recommended for anyone looking for seamless digital banking!",5,2025-04-21,DASHEN,Google Play
a1a3c20b-aef3-474d-b045-c700d6fae1bc,A fantastic product!! keep the good work.,5,2025-04-21,DASHEN,Google Play
8f0e023e-152e-44a6-bba1-627c20d3e298,"I am very impressed with the Dashen super app. It is user-friendly and operates efficiently. The budget and chatbot features are impressive, and all items can be purchased with just three clicks.",5,2025-04-21,DASHEN,Google Play
23019863-9b22-4d7e-8271-49f6b96b1546,"The Dashen Super App offers a quick and user-friendly experience, bringing together a variety of services, like budgeting, payments, airtime recharges, and more, all in one convenient platform. Its sleek design and intuitive navigation ensure effortless transactions. It's evident that Dashen Bank has carefully crafted the app to make everyday financial activities easier. A great choice for anyone aiming to streamline their digital routines!",5,2025-04-21,DASHEN,Google Play
34f021e1-7017-44b8-b630-9d1dc75bf1db,Dashen supper App is the most useful app for our customers,5,2025-04-21,DASHEN,Google Play
f0c3ab74-087f-43bd-ab00-fe80b34e864a,it is the most amazing mobile app,5,2025-04-21,DASHEN,Google Play
6a9d5447-10d8-4f6e-abc9-7a3f0ba909f6,A Good and fast supper app thanks for dashen bank,5,2025-04-21,DASHEN,Google Play
02b8cc52-e23d-4b2f-b1e5-576c3560b859,"Dear Users of the Dashen Bank Super App,I have been using the Dashen Bank Super App for a while now, and I must say‚Äîit‚Äôs truly a game-changer! The app is incredibly fast and reliable; I‚Äôve never encountered any delays with my transactions. One feature I absolutely love is Chat Banking. It makes everyday tasks like checking my balance or transferring money as simple as sending a quick message. Also, the budgeting tool has been a huge help in tracking my spending and giving me a clearer",5,2025-04-21,DASHEN,Google Play
d8cb9984-bf72-444c-ab26-af5b0943901e,Too best,1,2025-04-21,DASHEN,Google Play
d5ae9239-54f2-4f66-9050-09c7aa0d84a8,"Dashen Bank Super Up,use the app and makes your easy,fast,convinent.",5,2025-04-21,DASHEN,Google Play
0e6b332e-9636-45c6-9467-3826506707f5,To join digital world use supper app and make your life easy,5,2025-04-21,DASHEN,Google Play
63f87ad6-81fd-41ce-ac38-3fa11b0db062,best mobile banking application,5,2025-04-21,DASHEN,Google Play
3fcf360a-1a03-42d4-9c5e-7973b8671e68,"This banking superapp is incredibly well designed. The design and appearance of the app and the overall experience I have when using the app is fantastic. The app is packed with features from banking to e-commerce all in one place.It even has a budget setting option which is super useful for managing my money. Everything runs smoothly and I love how convenient it has made my daily life. Huge Kudos to Dashen Bank. You are truly living up to the motto ''Always one step ahead."" Keep it up!",5,2025-04-21,DASHEN,Google Play
9386a998-e31b-4518-b44f-8ddde2d80f82,best mobile banking application,5,2025-04-21,DASHEN,Google Play
b5a99318-f47b-46ae-8eef-db5c863f7958,I was really amazed by the idea of an e-commerce service on a banking app. This is what it means to be one step ahead. Please include all kinds of products in there as soon as possible.,5,2025-04-21,DASHEN,Google Play
b88fa79d-d681-4e41-8994-88bd84e50d24,this is what we expect to get service Dashen Bank always like his slogan,5,2025-04-21,DASHEN,Google Play
5bfe42a8-190a-44b6-8149-bbf58d0cbd08,"Dashen SupApp is the most contemporary application, offering a great experience by enabling users to perform multiple tasks through a single platform‚Äîsuch as chatting with friends, transferring money, paying bills, and more. It is the first app of its kind in the Ethiopian banking industry, making it a remarkable opportunity for entrepreneurs working in app-based sales and software marketing. Good job, Dashen Bank!",5,2025-04-21,DASHEN,Google Play
996483eb-2fa8-4628-8c6f-059c82d9e883,Dashen Super App gives me an amazing convenience and makes life easy.,5,2025-04-21,DASHEN,Google Play
99157497-80f6-4302-9987-a61fb2d35d8b,excellent mobile banking app,5,2025-04-21,DASHEN,Google Play
f539096f-c091-4424-9f29-8b1de5bcd809,Wow! like his name Super App...,5,2025-04-21,DASHEN,Google Play
0e4cf42b-eb22-4a9d-b2f9-e99cfc55dd8b,Dashen supper app is the most special. ·ã≠·àù·âæ·â± ·ã≠·àà·ã´·ã´·àç!!!!,5,2025-04-21,DASHEN,Google Play
8a3f027a-9427-4cd2-901b-6fff9659d994,convenient and fast,5,2025-04-21,DASHEN,Google Play
386c3a7b-275d-436c-a83b-af805c1cc4ac,Best- in-class app.,5,2025-04-21,DASHEN,Google Play
c8734abd-f137-417a-8c36-defbc982ec26,I really like this amazing application and Dashen Supper app that has made my life easier.,5,2025-04-21,DASHEN,Google Play
ec94d303-bb84-4869-b414-320e5de68f29,Superb,5,2025-04-21,DASHEN,Google Play
0dbc863f-6b31-45ac-b3b6-cc5aad65786d,"amazing features, faster and easy to use",5,2025-04-21,DASHEN,Google Play
1351d527-0ebd-4fcb-9c37-ba6361ece17e,"The Dashen Super App offers a modern, user-friendly experience that leverages the latest technological advancements to deliver a seamless e-commerce platform",5,2025-04-21,DASHEN,Google Play
179557f5-0e5f-4b02-8069-f5da0d0def2d,Best App!,5,2025-04-21,DASHEN,Google Play
50117391-aa47-4c25-b9fa-bda3a861d922,I love it. one of the best mobile banking app in the banking industry,5,2025-04-21,DASHEN,Google Play
3f6bead7-080a-4031-8a18-49b6e7997c15,I love this app,5,2025-04-21,DASHEN,Google Play
4ca0ede2-4259-4cec-a958-71d3a7555715,no working for me hulum information asgebiche continue or accept yemilew button ayeseram my phone is Samsung A51,1,2025-04-21,DASHEN,Google Play
bb34576e-1e17-471d-8f3d-aff3c95abc6c,good,5,2025-04-20,DASHEN,Google Play
1806822b-7539-4ec1-bb6e-52d6a9786ee0,waw no idea the best app.,5,2025-04-19,DASHEN,Google Play
79fabd48-7d9f-4be6-b0d2-ab35cec736eb,fast best app,5,2025-04-19,DASHEN,Google Play
512f1e9d-8f80-4004-99b4-2baf41c10a81,Nice App,5,2025-04-18,DASHEN,Google Play
1d457104-9dca-4518-9217-003ed78f3710,nice app ever,5,2025-04-17,DASHEN,Google Play
9c8e9014-e437-4cb0-93f3-e0b2c0e9e38a,good,5,2025-04-17,DASHEN,Google Play
04461449-8fd8-4684-8b12-1bc3aee7f6f2,very disappointing app. Closes frequently and unstable in function,2,2025-04-17,DASHEN,Google Play
d5552347-d7f6-4f91-ae8c-c33d16d0a8d3,"Feature-rich? Absolutely. But the speed? Painfully slow. Seriously, is it communicating with a server on Mars or something?",5,2025-04-16,DASHEN,Google Play
3a2fe98e-b06a-410c-92c0-16c20162d8ea,nic app,5,2025-04-16,DASHEN,Google Play
ecc1b4fd-4cdc-45bb-b155-35203c067a70,Nice,5,2025-04-16,DASHEN,Google Play
e7057ab4-ff08-40bd-8c50-1d67ce4f5058,"The Dashen Super App delivers a remarkably fast, highly secure, and exceptionally user-friendly experience, establishing it as a leading application in its category.keep it up and stay ahead Dashen Bank.",5,2025-04-14,DASHEN,Google Play
71670dbe-1de7-4384-822f-cc47f95185d8,So far so good! their in person customer service is amazing üëè,5,2025-04-14,DASHEN,Google Play
a7b719d1-4b74-4a60-b7ed-19b62e900168,The app is very backward and doesn't always work. If it works three hours out of 24 hours it's great!üò•,1,2025-04-14,DASHEN,Google Play
311016df-8e62-4b00-a956-92db6066a97f,·àù·à≠·å´·ã¨ ·äê·ãç,5,2025-04-13,DASHEN,Google Play
0096a509-2709-4211-b0f4-626d3d6a8dbb,It's bad for the connection and too many days are it that not working,1,2025-04-12,DASHEN,Google Play
2979e41b-2997-44da-82a6-fb8f9040841b,it's samart,5,2025-04-10,DASHEN,Google Play
3371e672-aa09-45c0-9ae6-ec3d4e3e827a,"The app is not working properly, I have been using it.",1,2025-04-10,DASHEN,Google Play
1048668b-fdd7-488f-bd6b-83f3586915eb,it is very good app,5,2025-04-10,DASHEN,Google Play
87355423-1404-4beb-b08d-7cad5d4b4f08,"I had a disappointing experience with Dashen Bank's Super Up service. The app is very slow and takes forever to load during transactions, which is incredibly frustrating. Additionally, it doesn't generate receipts for any transactions, making it difficult to keep track of my expenses. I also reached out to customer support, but the response time was longer than expected. Overall, I was hoping for a better experience, but I find the service lacking and in need of improvement.",2,2025-04-09,DASHEN,Google Play
9c142de4-313b-4287-8a61-1ee79e0a290c,slow cumbersome,3,2025-04-08,DASHEN,Google Play
382fcdf9-c528-46d3-9b20-fd83a4f5d4f2,Is really üíÄ,2,2025-04-08,DASHEN,Google Play
c7cdf3f1-a374-470d-80be-8d7bc00d360f,It's slow to send OTP. it's not reliable. It crushed many times. It needs improvement in many ways,1,2025-04-07,DASHEN,Google Play
aa31a976-cb24-4df5-8f7c-6fcb238d9327,"This is the worst mobile banking experience I‚Äôve ever had. It doesn‚Äôt work when you need it, and it randomly updates itself without warning. You can‚Äôt make transactions whenever you want. It‚Äôs a nightmare for anyone who relies on this as their main banking option, especially those with a lot of money in their account. I‚Äôm lucky I‚Äôm not one of them, but still, it‚Äôs infuriating not being able to access your money when you need it.""l",1,2025-04-07,DASHEN,Google Play
c23b473c-4144-4bea-98ae-172df77c97b1,"I have experienced on using the app of Banks in Ethiopia, this Dashen sup is like old version of the applications for using. I gave 3 star for it's very low speed while login and processing",3,2025-04-07,DASHEN,Google Play
cc85c5a4-aa62-4817-b48d-e4fe94daa748,proud by dashen bank,5,2025-04-06,DASHEN,Google Play
001296eb-c4b1-481a-acbd-efdb9eda67a5,best,5,2025-04-06,DASHEN,Google Play
a928485d-6535-4782-8ff5-d4f0d401957a,best of best,5,2025-04-05,DASHEN,Google Play
26ae699c-af0d-458b-baca-d3aac850ac6f,nice,5,2025-04-04,DASHEN,Google Play
4eb71bb5-9546-4eb8-9115-35dbb8ec6a84,This app is not working unless you turn off developer mode on your phone. So it takes your rights to just use it.,2,2025-04-04,DASHEN,Google Play
0712b546-88dd-4f2b-a977-87ccd827841d,real super up,5,2025-04-04,DASHEN,Google Play
971db897-312b-4560-998a-aaf867c9aba0,it's very disappointing fix it as soon as possible not expected from dashin bank fix it,1,2025-04-04,DASHEN,Google Play
86d03988-70ec-4dfa-a24c-9fb492fd62d7,why dashen bank workers hidden my ATM Card üèß?it's a big problem to me,5,2025-04-04,DASHEN,Google Play
6b86f487-d8b4-4ea3-9e03-704246ff4d62,good,5,2025-04-04,DASHEN,Google Play
7771b1bf-da9b-42d9-8aa6-9f3fabfa270e,tanku,5,2025-04-04,DASHEN,Google Play
b9545270-bb8b-48b8-a81c-ebca0eb636a7,very nice,5,2025-04-04,DASHEN,Google Play
a4192549-595f-4a95-871b-aa0f9f14e4a2,perfect,5,2025-04-03,DASHEN,Google Play
b4a1e1d2-f3d2-428b-ac7a-e40e617aace8,goood,5,2025-04-02,DASHEN,Google Play
0af7f66d-ac1b-46c8-866a-afbed0f5ed57,why does it ask me for both pin and opt even the opt is touch let alone both,2,2025-04-02,DASHEN,Google Play
8cc8db7d-a995-475f-a326-f77644f05262,it is best app easy to use,5,2025-04-01,DASHEN,Google Play
0849d6e7-3240-430d-9fcf-d6be127a5ac0,It is very easy to use and powerful application.,3,2025-04-01,DASHEN,Google Play
f586fd46-d883-4970-8ae3-dfded1df6aa1,this apps have a good feature but but some features like developer mode turn off irritate user,3,2025-04-01,DASHEN,Google Play
98ca9bca-5c01-4997-b80a-b8a53481b391,"This is not only a mobile banking app, it is beyond that. We will access our account easily, we are able to get many information easily here. i.e. exchage rate. We are able to chat with others, we are able to budget, we are able to transfer to other bank and within Dashen. we are able to access many accounts in a single app, we are able to pay bills in QR scan, we are able to make payments and order delivery items here in a single app. #Always one step ahead.",5,2025-03-31,DASHEN,Google Play
1181718c-4e5c-4181-a943-53e579042bd6,wallahi very fantastic Bank,5,2025-03-31,DASHEN,Google Play
afa8745f-7dad-4bdd-9e5b-0d7c19057f9e,"Waw, It's amazing app. thank you Dashen Bank.",5,2025-03-31,DASHEN,Google Play
bcc52473-3a00-4468-b561-0e5a75a8c65f,nice app,5,2025-03-29,DASHEN,Google Play
1124e4c7-b545-49aa-be67-4284f2b39eeb,"I‚Äôve been using the Dashen Bank Super App for a while now, and it‚Äôs been a game-changer. The app is super fast and reliable‚ÄîI‚Äôve never had an issue with transactions being delayed. One of my favorite features is the chat banking, which makes it so easy to do things like check my balance or transfer money just by typing a quick message. The budgeting tool is also really useful. It helps me keep track of my spending and gives me a clear picture of where",5,2025-03-28,DASHEN,Google Play
d7eda8a4-493a-48aa-b7ca-146f04041c1e,good,5,2025-03-28,DASHEN,Google Play
b92003f6-a038-4aea-87ae-6c07441dacae,nice application,4,2025-03-27,DASHEN,Google Play
008fc909-9a69-40fd-9eee-cce9d3144fe9,Very good app that like it too. B/c it is very fast and easy to use.,5,2025-03-26,DASHEN,Google Play
0a7db85e-00c5-40f6-a9c2-08e130808303,best experiences,5,2025-03-26,DASHEN,Google Play
122c3323-11c7-4f8e-a842-57272e0b80e3,too slow to use.,1,2025-03-26,DASHEN,Google Play
b437bdf0-0901-4c12-a682-8c46048eaaee,·å•·à© ·äê·ãç,5,2025-03-25,DASHEN,Google Play
c793fb73-c44b-4e4b-99fc-9af551261b68,the worst app in the market only good ui,1,2025-03-22,DASHEN,Google Play
d91ffd3d-5e49-4bee-9cea-553bbc87a371,·â†·å£·àù ·âÖ·àç·àç ·ã´·àà ·ä†·çï ·â†·à≠·â±·àç·äï ·àà·ä†·å†·âÉ·âÄ·àù ·àù·âπ,5,2025-03-22,DASHEN,Google Play
59403fd9-76ed-416f-85c3-f63b3a664bdc,thanks for all digital transaction,5,2025-03-21,DASHEN,Google Play
52acb65f-ef0f-408e-a71f-9c7572f07642,Good,4,2025-03-21,DASHEN,Google Play
ab2084ae-01be-4061-a4ba-0d5db11e2874,Best,5,2025-03-20,DASHEN,Google Play
f9f06656-aa73-4f11-bb26-45e7858d83ef,Good,5,2025-03-20,DASHEN,Google Play
48ca44ba-ef5d-4023-84c2-20fa95be75d5,"This app is not supporting smart phones that have old android version and so it is none inclusive. At the same time the amole lite is not working properly and once you reached to maximum otp trail mistakes due to network or other errors like stacks , you will be tied up to make Transactions. Ohh... tired!!!!!",1,2025-03-20,DASHEN,Google Play
07855205-ebce-419e-ab28-34d0a7b7373e,it's Be Come Busy &not working good,1,2025-03-20,DASHEN,Google Play
acab324e-1c06-4be4-bfb4-093e0d0db46f,I wanted to share some concerns about your Supper App. It appears to be experiencing reliability issues and isn‚Äôt performing as expected. I hope this can be addressed soon to improve the user experience. One star üåü for now.,1,2025-03-19,DASHEN,Google Play
043ba0ce-d496-4f1c-bcf7-ae23c275d5a6,"best ever digital banking sector essay for understanding ,smart and convince for using",5,2025-03-19,DASHEN,Google Play
d356a5b4-5cb2-433f-aac3-1e077cea0a90,good and latest,5,2025-03-18,DASHEN,Google Play
d9e806c8-38ac-4376-8317-16692333e2dd,The best App of all,5,2025-03-17,DASHEN,Google Play
e814d6c2-d350-4b7b-9b58-b1f387d987ac,Worst app ever,1,2025-03-15,DASHEN,Google Play
a02f3622-dc96-4c0a-9509-83f06407c209,"This app is the most unreliable mobile banking application I have ever used for transaction, it is very late, non-responsive and full of bugs. Its is very disappointing. It is just inconvinient, and not user friendly and compatabke at all !!!!!!",1,2025-03-14,DASHEN,Google Play
632d65b9-7e40-47fe-9aed-21d4dafe6733,Naiycapp,5,2025-03-14,DASHEN,Google Play
0e3e8e4c-753b-4462-937b-224d0896115b,Good,5,2025-03-13,DASHEN,Google Play
b2730fe5-571b-4fcd-8a66-24f872b7b8bb,The app is good but it has no USSD option,4,2025-03-13,DASHEN,Google Play
c7242ed9-4510-449f-a8c8-bf10d925428e,Hey great,5,2025-03-12,DASHEN,Google Play
a34ea67e-01a2-487d-b414-b2d41d0572a2,I have used many mobile banking and also tellebir and mpesa nothing come close to this app. Well done Dashen indeed one step a head. A lot of cool features that amole hasn't the receipt and the account statement is superb for me. I hope you add more integrated small apps to.,5,2025-03-12,DASHEN,Google Play
3a7cd664-6247-442c-b273-a913dc7cc30b,The app is good but it ask update every week so tiring,2,2025-03-11,DASHEN,Google Play
d797e094-d6fb-4ead-b33a-980b9c5fb93d,It good and easy to use,5,2025-03-11,DASHEN,Google Play
2407d488-1b89-4b2b-a7be-0fa9822dbaaf,·â†·å£·àù ·ä†·à™·çç ·àò·â∞·åç·â†·à™·ã´ ·äê·ãç ·ç¢ ·ä†·àò·à†·åç·äì·àà·àÅ ·ç¢,5,2025-03-10,DASHEN,Google Play
a9b0db48-0dae-4e29-9406-dfc9b52cd466,"Greately improved since it was released! I really like the budget and expense tegistration feature. For ATM or POS withdrawals, it is not possible to account these expenses, even if it is visible on the transactions window. If that can be worked on, it will be improve so much!!",5,2025-03-10,DASHEN,Google Play
0f047b21-16fe-4025-be02-f72f1408e698,Excellent,5,2025-03-10,DASHEN,Google Play
3bfcccc5-a802-451b-ad40-a9baeeb96212,Good,5,2025-03-08,DASHEN,Google Play
9f23d18f-937a-44d7-8e52-9808841d887f,Wow Excellent app,5,2025-03-08,DASHEN,Google Play
82441d3e-7555-4c97-a5d3-aada8ee43dce,Nice app but i experience some issues with others banks transfer it keeps saying account is not exist most of the time.,4,2025-03-08,DASHEN,Google Play
7126c191-fb47-4ed3-ace7-3a6784d5a298,Add the option to send money to any telebirr account like amole does.,3,2025-03-08,DASHEN,Google Play
f7507a1f-1637-45a2-872e-c7ef667b5306,It's best,5,2025-03-08,DASHEN,Google Play
98dfa0bb-fbf6-4852-bf93-51e83ef6c1a9,no one dashen yichlal,5,2025-03-07,DASHEN,Google Play
739dab0d-35eb-44e1-b4a7-245712593631,In short ! I'm so proud of this app developers for their highest professional of developing. Thanks,5,2025-03-06,DASHEN,Google Play
212c339b-807a-4c89-b5b1-cb9ab844f676,The speed is too slow. Need some improvements.,2,2025-03-06,DASHEN,Google Play
ef950bbf-cb9e-48e5-b5c7-fd71b9610eee,good app,5,2025-03-04,DASHEN,Google Play
690ec730-d658-47b8-80d8-1b02eb85cc6b,Fantastic app,5,2025-03-01,DASHEN,Google Play
71976761-16af-4ca5-bb77-08c4b4e13f19,Good,5,2025-02-28,DASHEN,Google Play
c7dccd52-ade3-4496-a9d1-f52e3af60664,I wish dark mode feature is add as an option but it's good app,5,2025-02-27,DASHEN,Google Play
74f35e55-6ee7-4d01-bc8a-e5b3c92a6b70,"Super Up is the ultimate digital banking app, living up to its name with speed, efficiency, and innovation. Designed for a seamless experience, it offers lightning-fast transactions, top-tier security, and effortless financial management. With Super Up, banking has never been this smooth, smart, and super!",5,2025-02-26,DASHEN,Google Play
759ccebb-dcdd-4f4b-bc9b-7a7453191e52,"The Dashen Super App is a game-changer in digital banking, offering a seamless and convenient experience. With its user-friendly interface, fast transactions, and a wide range of financial services, it simplifies banking for customers. Features like bill payments, fund transfers, mobile top-ups, and loan applications make it an all-in-one solution. Plus, its security measures ensure safe and reliable Experiance effortless banking",5,2025-02-26,DASHEN,Google Play
da45d0ae-f8d0-4fc1-9af2-7d3b8d6da59b,·ä®·å∞·äê·å®·ã®·å†,2,2025-02-26,DASHEN,Google Play
804dc621-491a-4645-abf9-0b5db917406a,"It has good feature. But, it is Very Slow! difficult to pay or receive. The Speed should be improved, else I didn't recommend.",2,2025-02-24,DASHEN,Google Play
1d0f9b72-5b50-40f4-9659-fe79222b8213,Excellent app,5,2025-02-24,DASHEN,Google Play
3137ba80-d819-4ee4-bbfd-999fcc02f6f7,·ä†·çï·àç·ä¨·àΩ·äë ·ä†·à™·çç ·àÜ·äñ ·à≥·àà ·â¥·àå·â•·à≠ ·ãà·ã∞·à´·àµ ·â•·âª ·àà·àù·äï ·àÜ·äê ·ä•·äï·ã∞ ·ãµ·àÆ·ãç ·àà·à∞·ãç·àù ·àò·àã·ä≠ ·â¢·âª·àç,4,2025-02-22,DASHEN,Google Play
1e2ea57b-0f8d-43a9-bf42-d573a0324f0a,No good,1,2025-02-22,DASHEN,Google Play
347d1005-af56-400b-95e6-b48e96816565,Wow amazing app,5,2025-02-21,DASHEN,Google Play
cf3081c5-a6d9-4481-80de-c990cf6b9784,best platform... Please avoid otp,5,2025-02-21,DASHEN,Google Play
e13bd7ee-f36d-422a-9341-7e55733d5971,Super smart app.,5,2025-02-18,DASHEN,Google Play
0bf11599-f207-433e-b671-b629b6b91dfd,best üëçüëç,5,2025-02-16,DASHEN,Google Play
88d57ce9-5ba3-4d52-aaba-18c92e2cbbc8,I don't know what happens but the application is not send verification pass code you should fix that,1,2025-02-16,DASHEN,Google Play
30cdf34a-c7e8-4573-b51d-920e576eb5a9,This app doesn't work on my phone my phone is Samsung Galaxy s7 android version 9 All other financial apps work like telebirr CBE M_pesa...,1,2025-02-14,DASHEN,Google Play
62a49d95-3dee-4d62-9b5a-cceff329af48,"Dashen Super app is secure, very easy to use and has more services uniquely like budgeting, chat, IPS...",5,2025-02-14,DASHEN,Google Play
f4f64316-a28a-464b-aba8-c9279ef1fa1f,Amazing and user friendly supper app and looking forward the additional features,5,2025-02-14,DASHEN,Google Play
7a363704-a9b9-4805-99ce-288543537fc5,it's amazing app i have seen ever,5,2025-02-13,DASHEN,Google Play
15e7f782-ce40-4927-a035-f0f73b2b5631,One star deducted for not to able to transfer to telebirr.,4,2025-02-13,DASHEN,Google Play
40ab34a6-0027-4019-b565-824e578f79c3,·å•·à© ·äê·ãç ·åç·äï ·â†·ã∞·äï·â• ·àä·à∏·àª·àç ·ã≠·åà·â£·àç,4,2025-02-13,DASHEN,Google Play
c6d8d045-ccb6-427d-9e8b-3b8937445a28,·çç·å•·äê·â± ·â†·å£·àù ·ä†·à™·çç ·äê·ãç! ·ä•·äì ·âÄ·àà·àç ·ã´·àà ·äê·ãç ! ·äê·åà·à≠ ·åç·äï ·â∞·å®·àõ·à™ ·ãà·ã∞ ·â¥·àå·â•·à≠ ·ä§·åÄ·äï·âµ ·àò·àã·ä™·ã´ ·ä†·çï ·â¢·ä´·â∞·âµ·â†·âµ ·å•·à© ·äê·ãç::,4,2025-02-12,DASHEN,Google Play
2b6f2fa5-b5ce-4c1c-adc5-b21429979ae7,Keep up the good work and pleas add water and electric utility payment,5,2025-02-12,DASHEN,Google Play
d98af23a-58c4-48d9-beaf-b4767f97b769,The app missed some important features 1. It does't show recent transactions 2. Transfer to Telebirr limited to own telebirr 3. The statement does't show running balance,2,2025-02-11,DASHEN,Google Play
a18d6971-00fe-4bc1-b303-7c47e6ab410b,"Simple, Fast and Easy ‚≠ê‚≠ê‚≠êüéâ",4,2025-02-10,DASHEN,Google Play
9710f0a3-e133-4969-874b-2316715d90b7,"·ã®·àö·åà·à≠·àù aplication ·äê·ãç, ·äê·åà·à≠ ·åç·äï ·â•·à≠ ·âµ·à´·äï·àµ·çà·à≠ ·à≤·ã∞·à®·åç ·ã´·àà ·çí·äï ·àò·àÜ·äë risk ·ä†·àà·ãç ·àÅ·àâ ·åä·ãú ·ã® ·âµ·à´·äï·àµ·çà·à≠ ·àò·ã∞·àù·ã∞·àö·ã´ ·çí·äï ·àò·àÜ·äï ·ä†·àà·â†·âµ!!!!!!!!!!!!:: ·ä†·à± ·â¢·àµ·â∞·ä´·ä®·àç 5 star ·ä†·àµ·ä®·ãõ·ãç ·åç·äï 4 ·à∞·å•·âª·àà·ãç::",4,2025-02-09,DASHEN,Google Play
e0a1d8a1-df15-4a9b-8e99-1b596bd97fb7,Baankii daashin baankii hudna galeessa galatoomaa isinii woliin jirra Godina jimmaa magaalaa Aggaaroo irraa Muaz Abamecha Abamilki,5,2025-02-07,DASHEN,Google Play
625d43c0-5997-4d1b-86dc-c30cfd4545ba,Good,5,2025-02-07,DASHEN,Google Play
88374fe2-44b0-4122-9f7c-1bd98b21108e,It doesn't work,1,2025-02-07,DASHEN,Google Play
631604e5-d2d7-4cfc-8eed-174a736a28ad,"#Dashen Super App; Super easy to use, secure, and fast transaction. Love it!",5,2025-02-07,DASHEN,Google Play
f1f64244-c9b5-4cbe-9844-7d101beed08c,"I tried the new Dash Bank Super App today, and it's amazingly easy and fun.I recommend you download and use it. You really like it",5,2025-02-06,DASHEN,Google Play
f41b6dcb-0e54-468a-bba2-f5db6c7cb66d,Gud app kegza ga mezmn endze new aind ermjh kedme nachu hlam,5,2025-02-06,DASHEN,Google Play
da386798-3db3-4e83-96b1-1444618f9e9b,"Good app, bad security",3,2025-02-06,DASHEN,Google Play
ede1dfcb-1c62-403f-8d8c-0cebc9f600ca,On Transaction page only show sent Transaction. Try to include received transaction.,4,2025-02-06,DASHEN,Google Play
ee6b6f72-3d6a-463d-97e5-e187c3d333b7,Wonderful Application üòç,5,2025-02-05,DASHEN,Google Play
67026e5c-4628-48b1-90a6-1c33dcec20be,I loved it,5,2025-02-05,DASHEN,Google Play
6d543e34-b5a0-4314-b1ef-53a6d6e8ad36,·ä†·àÅ·äï ·åà·äì ·ä†·äï·ãµ ·ä•·à≠·àù·åÉ ·âÄ·ã∞·àõ·âΩ·ãç,5,2025-02-04,DASHEN,Google Play
d1c22383-7e9c-4130-923f-b69817109b3b,I am so thankful for having this best app Dashen one step ahead,5,2025-02-04,DASHEN,Google Play
ea5aac1f-644e-4166-86d6-d8a144d5ad77,Not good this app,1,2025-02-04,DASHEN,Google Play
7264d66b-d526-4a81-941a-a251c317e7a8,Best app,5,2025-02-04,DASHEN,Google Play
6b838917-bb83-44e6-8ebf-c052a041d168,Excellent app ever but it needs improvement on speed and transaction lists,1,2025-02-03,DASHEN,Google Play
97f970d6-9c48-4769-a11a-9777b4f7e2af,Perfect,5,2025-02-02,DASHEN,Google Play
5bd1a772-544e-4524-a5bc-aa7b5d86f3fd,"It does not work functional ,",1,2025-02-02,DASHEN,Google Play
030ff419-ef33-4724-afcc-3ca530dab0f5,all of dashen bank customers use the application it is good to use,5,2025-02-01,DASHEN,Google Play
8c56744b-4478-46fa-a17f-6159bb931a78,Gret experience,5,2025-02-01,DASHEN,Google Play
faee3a15-6fa8-46e8-9196-55a9a99e7a7e,All good we need more,3,2025-01-31,DASHEN,Google Play
e6ac68ac-bbdb-43ec-9987-081c36a2ca8a,"Dashen super app is easy to use, fast and robust",5,2025-01-31,DASHEN,Google Play
173957b9-fba2-4a7e-b9bc-ec34bbe0b52a,it was amazing app.....thank you dashen bank....,5,2025-01-30,DASHEN,Google Play
d2f0062a-2be2-4fac-81d9-f9dd2a8f9a27,Dashen bank super app for easy life.,5,2025-01-30,DASHEN,Google Play
b7ba023c-3a56-4fa5-8f30-8fcce982b8ef,Excellent UI/UX and beyond Banking servicesüëçüëç,5,2025-01-30,DASHEN,Google Play
88f31adb-275f-4f6c-90d1-94bbdbebe22b,Send to oher bank ·ã®·àö·àà·ãâ ·ãâ·àµ·å• ·åà·â•·â∞·äï ·ãà·ã∞ addisinternational bank ·àà·àò·àã·ä≠ ·ä†·ã≠·à∞·à´·àù ·àÅ·àà·â∞·äõ ·ã∞·åç·àû ·ãà·ã∞ cbe birr ·àà·àò·àã·ä≠ account number ·ã≠·å†·ã≠·âÉ·àç ·àû·â£·ã≠·àç ·äê·â†·à≠ ·äê·ãâ ·àò·å†·ã®·âÖ ·ã´·àà·â†·âµ ·ã≠·àò·àµ·àà·äõ·àç,2,2025-01-29,DASHEN,Google Play
9b86685f-1b04-4481-baa8-f84646df2433,Best,5,2025-01-29,DASHEN,Google Play
060af032-65e4-4574-a5fd-5318accf9982,Just Wow,5,2025-01-29,DASHEN,Google Play
cf843f50-d9bc-4542-a69d-da3620c76fa5,mobile banking to the next level,5,2025-01-28,DASHEN,Google Play
51d4b5b2-29dd-4d38-8d7d-540a5fae1883,Nice,5,2025-01-25,DASHEN,Google Play
567e36a0-fcd9-486a-88aa-11f24f5b1af0,The first 3 star review is me,3,2025-01-25,DASHEN,Google Play
d7b6c9eb-fb71-4fb5-bd27-0d4387aea517,Is not working,1,2025-01-25,DASHEN,Google Play
ed4347fd-ddc7-401d-91ae-5fdd82dcf218,"Fast, reliable and user friendly. Amazing chatting features. Keep it up! Always one step ahead!",5,2025-01-24,DASHEN,Google Play
3ab4ca6d-3d00-417c-93da-3eb40592a726,V good ‚ùóÔ∏è,5,2025-01-24,DASHEN,Google Play
9b75d0d7-9840-4c6c-bf0f-5d0816e7644c,"This app is literally the best thing ever The chat banking is so easy just text and it‚Äôs done Super smooth, fast, and honestly a life saverIf you haven‚Äôt downloaded it yet you‚Äôre missing out big time",5,2025-01-23,DASHEN,Google Play
ee7cd878-3cf8-41b7-b8e9-e30c5db69704,I only see white page,2,2025-01-23,DASHEN,Google Play
143ca385-df65-48dc-8339-c870d3fce650,Excellent banking app for all your needs! Who needs a physical branch when you can use Dashen Bank Super App Instead! I've never had an issue with anything that Dashen Bank Super App haven't handled swiftly and resolved to my satisfaction and above I don't often write reviews but this is an app/bank that I would highly recommended to everyone üíØ üëåüëç,5,2025-01-22,DASHEN,Google Play
79d870fa-d006-4188-ae49-45760269ecb6,Amizing Application üòç,5,2025-01-22,DASHEN,Google Play
4497c57a-d9e7-4447-87d8-37a117332356,Fastest and easy to use,5,2025-01-22,DASHEN,Google Play
bf46b652-6f96-473c-b1a0-bf359c2bb73a,·å•·à© ·äê·ãç,5,2025-01-21,DASHEN,Google Play
62cfc043-5211-4e44-970c-83c14628eed1,·àµ·àù ·â•·âª üòè,2,2025-01-21,DASHEN,Google Play
0a6d9811-4c0c-4ac6-9533-0f71215e1a9e,Exellent app with exellent banking system and exellent bank ever,5,2025-01-21,DASHEN,Google Play
513a636f-9b72-4092-bae7-33352916e8e5,Amazing app to use as usual! But why option of transferring to Telebirr and M pesa which was available on Amole app is omitted?? Dasheen is my favourite keep it up.,4,2025-01-20,DASHEN,Google Play
495ede3b-26fc-497e-8409-7717affaf3f6,Needs some improvement,5,2025-01-20,DASHEN,Google Play
09b7ab6d-f20c-4dbc-9482-c8b87aa39ffd,Amazing,5,2025-01-20,DASHEN,Google Play
0c12111e-1b8a-461f-966b-125e58c6075e,Amazing super app,5,2025-01-19,DASHEN,Google Play
80794c1d-2e9b-4fdf-88e6-c4bee65e5f94,I hope it will be better than amole,5,2025-01-18,DASHEN,Google Play
33c317d1-6366-4c33-ab00-e35488a26e2a,Wly Super App ilove it ‚ù§Ô∏è üòç üíñ üíï,5,2025-01-18,DASHEN,Google Play
c24e4faf-305a-47b2-bf62-94319d984e61,Dashen yichalal. Ewnetem one step a head,5,2025-01-17,DASHEN,Google Play
40cc8813-3573-4cc3-bbba-3cd722362717,It has a Good performance but need more upgrade for more performance like when we login account not be fast balance show other thing looking good. Carry on. Thanks so much for Greatest service,4,2025-01-17,DASHEN,Google Play
42006315-95d0-4ccb-9a5c-a7ac1053d977,"It is a very wonderful work that has saved its time. That is why it is ""Always one step ahead!""",5,2025-01-17,DASHEN,Google Play
b969925e-d6eb-4620-9bb2-6a7868cc4d57,‚ÄúLife-changing!‚Äù I can‚Äôt imagine going back to traditional banking after using this app. It‚Äôs so convenient.,5,2025-01-17,DASHEN,Google Play
4082204a-22e9-4568-93dc-2e4f572a0a35,Pro max,5,2025-01-17,DASHEN,Google Play
21885f99-6abd-43d1-8bda-9b9c135a01ed,The most good app and easy,5,2025-01-16,DASHEN,Google Play
6653632f-1bf6-4a52-8cf4-40b9d21e88f2,"Excellent and user friendly App. Excellence is what makes you always one step ahead. Dashen Bank, Always One Step Ahead !!",5,2025-01-16,DASHEN,Google Play
2a6d4b63-244e-4615-a272-6edd9860e6fb,Proud to be dashen family . Shout out to the serial entrepreneur üëè,5,2025-01-16,DASHEN,Google Play
3f17acb1-b3a8-44ea-b12f-0875994c0d7d,Excellent app.,5,2025-01-16,DASHEN,Google Play
ad65cb66-1fe6-451f-bb15-a2fe1bcadd15,First ATM in East africa ‚≠êÔ∏è‚≠êÔ∏è‚≠êÔ∏è‚≠êÔ∏è‚≠êÔ∏è,5,2025-01-16,DASHEN,Google Play
103b4516-3aa2-4f7a-9d01-58d8ad9aec5f,Best app.,5,2025-01-16,DASHEN,Google Play
0883eae9-8a3c-4c12-9c99-ce6945b4538b,Better Move to catch the competition upüëç,5,2025-01-16,DASHEN,Google Play
8f9c201f-2c2d-4e40-a5ff-adeca0d1f040,"Great job my home, my bank.",5,2025-01-16,DASHEN,Google Play
90d2468b-101a-4006-ae49-d07185b49594,Always one step ahead! What a masterpiece.,5,2025-01-16,DASHEN,Google Play
b6417689-7817-4d01-9dac-77337118d8a5,Great App Well done Dashen Bank,5,2025-01-15,DASHEN,Google Play
e086d148-c7f9-4c2e-ac5f-187b86b5f2f5,Great!,5,2025-01-15,DASHEN,Google Play
db55ec8f-20e7-415d-b919-509da964e01f,Nice,5,2025-01-15,DASHEN,Google Play
5fc203ce-67c5-449e-a0a3-afdc1bb0c04d,"I love it but it has bugs during confirmation of password! So, please make it functional",5,2025-01-15,DASHEN,Google Play
c6e938b5-244e-472c-ade8-811e02984c65,Always one step forward,5,2025-01-15,DASHEN,Google Play
de496d31-86a5-4051-b76d-4e91d882f5f5,"It's great! But it will be advanced if you include a caption that allow customers to transfer to Telebirr account. Dashen Bank, ""·ä©·àâ ·åç·ãú·ç° ·àì·ã∞ ·àµ·åï·àö ·âÄ·ã≥·àö·ç¢"" (Always one step ahead!)",4,2025-01-15,DASHEN,Google Play
7340ad46-01ce-4b28-9d5a-680a7ea387b2,Small size with vast features and functionalities.,5,2025-01-15,DASHEN,Google Play
11dc9c6e-53cc-4396-a152-dca400b39f11,Amazing app üëè üëå Dashen bank one step a head,5,2025-01-15,DASHEN,Google Play
58b6bfef-41fa-48aa-8d15-9ed8263d8d0e,Best app,5,2025-01-15,DASHEN,Google Play
02f78b78-255a-4e0b-9cca-5be6f627903d,"It has a great application features from the beginning. I'm glad to use it even I haven't used it yet because I haven't activated my account yet. But it's simple, comprehensive, full of information, and fast. ·â†·à≠·â± ·ã≥·à∏·äñ·âΩ: The super app has impressed me more than I expected.",5,2025-01-15,DASHEN,Google Play
cf0ccbab-5c43-4fe3-99ed-655849b5a2fe,Dashen Bank Always One Step Ahead!,5,2025-01-15,DASHEN,Google Play
a350ad02-f499-4f8a-bb2a-4c1f887e8b71,U can't create account,1,2025-01-15,DASHEN,Google Play
a83a5e1d-f26b-4fd1-95ec-6c7d151049f0,Really super app... so seamless and with a nice user interface .. we are proud of you dashen bank ...,5,2025-01-15,DASHEN,Google Play
d822baf8-da6c-49f0-896b-8e9bdca59098,We will see it,2,2025-01-15,DASHEN,Google Play
f86b4755-e62d-4f13-86f5-adf5bdf4105a,Always one step a head!,5,2025-01-15,DASHEN,Google Play
ce7153a9-77e9-41b8-9b70-ab9e15ef3fca,"A lightweight,catchy and smooth app",5,2025-01-15,DASHEN,Google Play
25ffdf6f-8804-4598-b5fc-af32ebbf6ae6,Very impressive interface with best security feature and user friendly app.,5,2025-01-15,DASHEN,Google Play
ac0cc36a-ecb8-4a17-b329-1f66502b5336,It is so far so good it has a unique features than telebirr good job Dashen,5,2025-01-15,DASHEN,Google Play
af4b6cdd-64dd-4415-8e6a-0bfcf4edb631,"Yea , it's a good idea to make it with the bank name, it will help for the bank easily to find the application, and customers can easily downloed and use the product. I wish all the best for Dashen bank initiative.",5,2025-01-15,DASHEN,Google Play
9dca9330-32a2-486a-85f9-287a9dc5cd38,This is My Bank!,5,2025-01-15,DASHEN,Google Play
39ba91c9-38f6-43c0-bccc-62ca70a7edf9,Dashen Bank Always One Step Ahead!,5,2025-01-14,DASHEN,Google Play
bdfd757f-9d41-450e-a765-96219cf37841,"Truly, db => AlwaysOneStepAhead !!",5,2025-01-14,DASHEN,Google Play
0a694319-1c5e-4541-9a4c-048c16dcbf4f,ALWAYS ONE STEP AHEAD,5,2025-01-14,DASHEN,Google Play
c01a3892-e8b5-4405-8687-c4511dc23c4d,Well developed,5,2025-01-14,DASHEN,Google Play
e29fbbc4-6bf3-4ee8-82c7-bec09e75ae63,oh nice!!! i wish it's very nice app,5,2025-01-14,DASHEN,Google Play
10271bb9-ee08-42d4-9c57-b33258ad1358,Really the app looks like amazing. I can't wait to activate in the morning.,5,2025-01-14,DASHEN,Google Play
89e162a6-9481-4780-9219-e1ff91ca232e,Applause üëè Dashen Bank. One of the best super app inorder to pay easily and securely. One step a head.,5,2025-01-14,DASHEN,Google Play
a3c3a7da-4b63-44b1-9440-72256216045d,Wow Dashen Super App üöÄüöÄ,5,2025-01-14,DASHEN,Google Play
65c61ceb-e76c-4142-8672-50399f048fc6,All in One,5,2025-01-14,DASHEN,Google Play
7bb4cd6c-66c5-4ac6-bae7-4231c6e67f3d,The best Banking app I have ever seen,5,2025-01-14,DASHEN,Google Play
30ebc149-910a-41be-ac92-fd4e9e002fd1,It looks good and simple to use,5,2025-01-14,DASHEN,Google Play
1cc715b0-1cce-4ab1-8ecf-0490e3cf09da,Best,5,2025-01-14,DASHEN,Google Play
a3e9f625-d8f9-47bb-aa87-6ddadf35b89e,App That makes Difference!,5,2025-01-14,DASHEN,Google Play
871a74e7-f701-4c92-83e1-d6bc659a397d,Faster and userfriendly,5,2025-01-14,DASHEN,Google Play
650ad650-9821-4bda-a43f-88fec69ab680,Best,5,2025-01-13,DASHEN,Google Play
cad7278a-410d-4eed-805d-d1a942009cc3,"Waw Great and innovated,user friendly, always one step ahead",5,2025-01-13,DASHEN,Google Play
b92aaec0-99b9-49ac-ae55-03c04a52aec5,It's Best waww üôè,5,2025-01-13,DASHEN,Google Play
7ed6c112-916c-44c2-b0ae-af2ff9d8c58f,Always one step ahead,5,2025-01-13,DASHEN,Google Play
60f2b9c0-9fc9-49d9-97c8-7c1f9aca05fe,"Like Me, I Hope It Works Better Than Before.",5,2025-01-11,DASHEN,Google Play
